{
	"format_version": "1.8.0",
	"animations": {
		"idle": {
			"loop": true,
			"animation_length": 2,
			"bones": {
				"1": {
					"rotation": {
						"0.0": {
							"vector": [0, 0, 2.5]
						},
						"1.0": {
							"vector": [0, 0, -5]
						},
						"2.0": {
							"vector": [0, 0, 2.5]
						}
					}
				},
				"2": {
					"rotation": {
						"0.0": {
							"vector": [-9.99067, -0.43399, -2.46207]
						},
						"1.0": {
							"vector": [-9.96271, 0.86717, 4.92442]
						},
						"2.0": {
							"vector": [-9.99067, -0.43399, -2.46207]
						}
					}
				},
				"3": {
					"rotation": {
						"0.0": {
							"vector": [7.49294, -0.32621, 2.47864]
						},
						"1.0": {
							"vector": [7.43656, 0.9762, -7.43656]
						},
						"2.0": {
							"vector": [7.49294, -0.32621, 2.47864]
						}
					}
				},
				"Torso": {
					"position": {
						"0.0": {
							"vector": [0, 0, 0]
						},
						"1.0": {
							"vector": [0, 0.5, 0]
						},
						"2.0": {
							"vector": [0, 0, 0]
						}
					},
					"scale": {
						"vector": [1, 1, 1]
					}
				},
				"Lhand": {
					"rotation": {
						"0.0": {
							"vector": [7.5, 0, -10]
						},
						"1.0": {
							"vector": [7.49294, 0.32621, -12.47864]
						},
						"2.0": {
							"vector": [7.5, 0, -10]
						}
					}
				},
				"bone": {
					"rotation": {
						"vector": [-27.5, 0, 0]
					}
				},
				"Rhand": {
					"rotation": {
						"0.0": {
							"vector": [-32.84189, -17.1222, 29.57358]
						},
						"1.0": {
							"vector": [-32.84189, -17.1222, 29.57358]
						},
						"2.0": {
							"vector": [-32.84189, -17.1222, 29.57358]
						}
					},
					"position": {
						"vector": [0, 0, 0]
					}
				},
				"bone2": {
					"rotation": {
						"vector": [-14.75008, 58.82558, 27.10954]
					},
					"position": {
						"vector": [0, 0, 0]
					}
				},
				"Tail": {
					"rotation": {
						"vector": [0, 0, 0]
					}
				},
				"bone3": {
					"rotation": {
						"0.0": {
							"vector": [0, 0, 0]
						},
						"1.0": {
							"vector": [0, -180, 0]
						},
						"2.0": {
							"vector": [0, -357.5, 0]
						}
					}
				},
				"bone4": {
					"rotation": {
						"0.0": {
							"vector": [0, 0, 0]
						},
						"1.0": {
							"vector": [0, 180, 0]
						},
						"2.0": {
							"vector": [0, 360, 0]
						}
					}
				},
				"bone5": {
					"rotation": {
						"0.0": {
							"vector": [0, 0, 0]
						},
						"1.0": {
							"vector": [0, -180, 0]
						},
						"2.0": {
							"vector": [0, -357.5, 0]
						}
					}
				},
				"chest": {
					"scale": {
						"0.0": {
							"vector": [1, 1, 1]
						},
						"1.0": {
							"vector": [1.07, 1, 1]
						},
						"2.0": {
							"vector": [1, 1, 1]
						}
					}
				}
			}
		},
		"walk": {
			"loop": true,
			"animation_length": 2,
			"bones": {
				"1": {
					"rotation": {
						"0.0": {
							"vector": [0, 0, 2.5]
						},
						"1.0": {
							"vector": [0, 0, -5]
						},
						"2.0": {
							"vector": [0, 0, 2.5]
						}
					}
				},
				"2": {
					"rotation": {
						"0.0": {
							"vector": [-9.99067, -0.43399, -2.46207]
						},
						"1.0": {
							"vector": [-9.96271, 0.86717, 4.92442]
						},
						"2.0": {
							"vector": [-9.99067, -0.43399, -2.46207]
						}
					}
				},
				"3": {
					"rotation": {
						"0.0": {
							"vector": [7.49294, -0.32621, 2.47864]
						},
						"1.0": {
							"vector": [7.43656, 0.9762, -7.43656]
						},
						"2.0": {
							"vector": [7.49294, -0.32621, 2.47864]
						}
					}
				},
				"Torso": {
					"position": {
						"0.0": {
							"vector": [0, 0, 0]
						},
						"1.0": {
							"vector": [0, 0.5, 0]
						},
						"2.0": {
							"vector": [0, 0, 0]
						}
					},
					"scale": {
						"vector": [1, 1, 1]
					}
				},
				"Lhand": {
					"rotation": {
						"0.0": {
							"vector": [-29, 0, -10]
						},
						"1.0": {
							"vector": [-33, 0, -10]
						},
						"2.0": {
							"vector": [-29, 0, -10]
						}
					}
				},
				"bone": {
					"rotation": {
						"vector": [-27.5, 0, 0]
					}
				},
				"Rhand": {
					"rotation": {
						"0.0": {
							"vector": [21, 0, 12.5]
						},
						"1.0": {
							"vector": [18, 0, 12.5]
						},
						"2.0": {
							"vector": [21, 0, 12.5]
						}
					}
				},
				"bone2": {
					"rotation": {
						"vector": [-21.43432, -6.18092, -9.24859]
					},
					"position": {
						"vector": [0, 0.5, -0.4]
					}
				},
				"Tail": {
					"rotation": {
						"vector": [0, 0, 0]
					}
				},
				"bone3": {
					"rotation": {
						"0.0": {
							"vector": [0, 0, 0]
						},
						"1.0": {
							"vector": [0, -180, 0]
						},
						"2.0": {
							"vector": [0, -357.5, 0]
						}
					}
				},
				"bone4": {
					"rotation": {
						"0.0": {
							"vector": [0, 0, 0]
						},
						"1.0": {
							"vector": [0, 180, 0]
						},
						"2.0": {
							"vector": [0, 360, 0]
						}
					}
				},
				"bone5": {
					"rotation": {
						"0.0": {
							"vector": [0, 0, 0]
						},
						"1.0": {
							"vector": [0, -180, 0]
						},
						"2.0": {
							"vector": [0, -357.5, 0]
						}
					}
				},
				"chest": {
					"scale": {
						"0.0": {
							"vector": [1, 1, 1]
						},
						"1.0": {
							"vector": [1.07, 1, 1]
						},
						"2.0": {
							"vector": [1, 1, 1]
						}
					}
				},
				"All": {
					"rotation": {
						"vector": [8, 0, 0]
					}
				}
			}
		},
		"AttackAfrit": {
			"loop": "hold_on_last_frame",
			"animation_length": 0.5,
			"bones": {
				"1": {
					"rotation": {
						"0.0": {
							"vector": [0, 0, 2.5]
						},
						"0.25": {
							"vector": [0, 0, -5]
						},
						"0.5": {
							"vector": [0, 0, 2.5]
						}
					}
				},
				"2": {
					"rotation": {
						"0.0": {
							"vector": [-9.99067, -0.43399, -2.46207]
						},
						"0.25": {
							"vector": [-9.96271, 0.86717, 4.92442]
						},
						"0.5": {
							"vector": [-9.99067, -0.43399, -2.46207]
						}
					}
				},
				"3": {
					"rotation": {
						"0.0": {
							"vector": [7.49294, -0.32621, 2.47864]
						},
						"0.25": {
							"vector": [7.43656, 0.9762, -7.43656]
						},
						"0.5": {
							"vector": [7.49294, -0.32621, 2.47864]
						}
					}
				},
				"Torso": {
					"rotation": {
						"0.0": {
							"vector": [0, 0, 0]
						},
						"0.25": {
							"vector": [0, -45, 0]
						},
						"0.2917": {
							"vector": [0, -2, 0]
						},
						"0.5": {
							"vector": [0, 0, 0]
						}
					},
					"position": {
						"vector": [0, 0, 0]
					},
					"scale": {
						"vector": [1, 1, 1]
					}
				},
				"Lhand": {
					"rotation": {
						"vector": [7.5, 0, -10]
					}
				},
				"bone": {
					"rotation": {
						"vector": [-27.5, 0, 0]
					}
				},
				"Rhand": {
					"rotation": {
						"0.0": {
							"vector": [-10, 0, 12.5]
						},
						"0.2083": {
							"vector": [-55.11756, -17.98449, 37.66083]
						},
						"0.25": {
							"vector": [-43.96521, 11.10344, 43.241]
						},
						"0.2917": {
							"vector": [-4.05266, -5.23211, 27.36235]
						},
						"0.375": {
							"vector": [-13.12996, 0.13083, 34.13127]
						},
						"0.5": {
							"vector": [-10, 0, 12.5]
						}
					}
				},
				"bone2": {
					"rotation": {
						"0.0": {
							"vector": [-12, -17.5, 0]
						},
						"0.25": {
							"vector": [-32, -17.5, 0]
						},
						"0.2917": {
							"vector": [10.20951, -5.54343, -1.04318]
						},
						"0.5": {
							"vector": [-12, -17.5, 0]
						}
					}
				},
				"Tail": {
					"rotation": {
						"vector": [0, 0, 0]
					}
				},
				"bone3": {
					"rotation": {
						"0.0": {
							"vector": [0, 0, 0]
						},
						"0.25": {
							"vector": [0, -180, 0]
						},
						"0.5": {
							"vector": [0, -357.5, 0]
						}
					}
				},
				"bone4": {
					"rotation": {
						"0.0": {
							"vector": [0, 0, 0]
						},
						"0.25": {
							"vector": [0, 180, 0]
						},
						"0.5": {
							"vector": [0, 360, 0]
						}
					}
				},